{
  "width": 1280.0,
  "height": 720.0,
  "fx": 626.48502168,
  "fy": 627.12719045,
  "cx": 635.38942942,
  "cy": 370.64786212,
  "intrinsic_matrix": [
    [
      626.48502168,
      0.0,
      635.38942942
    ],
    [
      0.0,
      627.12719045,
      370.64786212
    ],
    [
      0.0,
      0.0,
      1.0
    ]
  ]
}